<?xml version="1.0" encoding="UTF-8"?>



<!DOCTYPE hibernate-configuration PUBLIC
	"-//Hibernate/Hibernate Configuration DTD 3.0//EN"
	"http://www.hibernate.org/dtd/hibernate-configuration-3.0.dtd">

	<hibernate-configuration>
	
	
		<session-factory>
			<!-- Specific To DB -->
		<property name="connection.driver_class">com.mysql.cj.jdbc.Driver</property>
		
		<property name="connection.url">jdbc:mysql://localhost:3306/ecom</property> <!-- DB URL where it is running &Db name -->
		<property name="connection.username">root</property>
		<property name="connection.password">Vin@500082</property>
		
		<!-- Specific To DB -->
		<property name="dialect">org.hibernate.dialect.MySQL8Dialect</property>
		
		<property name="hbm2ddl.auto">update</property>
		<property name="show_sql">true</property>
		
		<!-- Hibernate creates/updates/deletes the following tale from DB for the below entites -->
		<mapping class="com.deloitte.entities.User"></mapping>
		<mapping class="com.deloitte.entities.Category"></mapping>
		<mapping class="com.deloitte.entities.Product"></mapping>
		
		</session-factory>
	
	
	</hibernate-configuration>